"Id";"Designator";"Package";"Quantity";"Designation";"Supplier and ref";
1;"S1";"TO-220-3_Vertical";1;"LM7805_TO220";;;
2;"SW1,SW2";"SW_SPDT_PCM12";2;"SW_SPDT";;;
3;"G***";"NanodynSilkscreen";1;"LOGO";;;
4;"J6,J4,J2,J5,J3,J1,J7";"XY118-5.0-2P";7;"XY118-5.0-2P";;;
5;"TP11,TP1,TP6,TP5,TP13,TP3,TP9,TP4,TP2,TP7,TP10,TP12,TP8,TP0";"5001";14;"5001";;;
6;"T1";"HR610660";1;"HR610660";;;
7;"C2,C4";"C_0805_2012Metric";2;"10n";;;
8;"C1,C3";"C_0805_2012Metric";2;"100n";;;
9;"JP1,JP2,JP3";"R_0805_2012Metric";3;"Open";;;
10;"U1";"ISO3086";1;"ISO3086";;;
11;"D1,D4";"D_SOD-123";2;"D_Zener";;;
12;"D2,D3,D5";"LED_0603_1608Metric";3;"LED";;;
13;"H1,H2";"MountingHole_4.3mm_M4_Pad_Via";2;"MountingHole_Pad";;;
14;"R1,R2,R3";"R_0603_1608Metric";3;"10k";;;
